#Gene set	WRE (Saddlepoint) P-value	WRE (Saddlepoint) FDR	WRE (Saddlepoint) Runtime	T	Z	t00	t01	t10	t11
c, d	0.003668945489200462	0.18261601945262562	0.00248384475708	0	9	5	0	0	9