#Gene set	WRE (Saddlepoint) P-value	WRE (Saddlepoint) FDR	WRE (Saddlepoint) Runtime	T	Z	t00	t01	t10	t11
c, d	0.0037101364741384682	0.18466623625983988	0.0025408267974853516	0	9	5	0	0	9