#Gene set	WRE (Saddlepoint) P-value	WRE (Saddlepoint) FDR	WRE (Saddlepoint) Runtime	T	Z	t00	t01	t10	t11
a, b	0.00024227153775402632	0.012058686612143744	0.002846956253051758	12	0	2	6	6	0