#Gene set	WRE (Saddlepoint) P-value	WRE (Saddlepoint) FDR	WRE (Saddlepoint) Runtime	T	Z	t00	t01	t10	t11
a, b	0.00025630815683653265	0.010596224876535663	0.0043740272522	12	0	2	6	6	0